epoch,time,train/box_loss,train/cls_loss,train/dfl_loss,metrics/precision(B),metrics/recall(B),metrics/mAP50(B),metrics/mAP50-95(B),val/box_loss,val/cls_loss,val/dfl_loss,lr/pg0,lr/pg1,lr/pg2
1,42.8032,3.64762,4.96102,4.15517,0.00016,0.025,1e-05,0,3.45878,5.0863,4.15997,0.000540649,0.000540649,0.000540649
2,78.6132,3.09523,4.04,3.76555,0,0,0,0,3.40756,5.02688,4.18622,0.0010927,0.0010927,0.0010927
3,114.127,2.67967,3.29656,3.17553,0.0004,0.05519,0.00016,2e-05,3.64326,4.80953,4.44029,0.00164108,0.00164108,0.00164108
4,152.034,2.4018,2.67853,2.64386,0.35502,0.4348,0.32379,0.11576,2.14465,2.79628,2.50387,0.0016505,0.0016505,0.0016505
5,193.968,2.2403,2.43858,2.4675,0.79072,0.175,0.2199,0.08644,2.33752,5.50264,2.72012,0.001645,0.001645,0.001645
6,230.559,2.1246,2.14262,2.31675,0.52652,0.54009,0.49112,0.23399,1.94238,2.80034,2.18834,0.00163949,0.00163949,0.00163949
7,266.512,2.0455,1.90133,2.18411,0.79155,0.58427,0.66991,0.3322,1.79804,2.29672,1.94008,0.00163399,0.00163399,0.00163399
8,302.808,1.87252,1.70588,2.02356,0.84032,0.62236,0.76469,0.41265,1.63006,1.46198,1.79189,0.00162849,0.00162849,0.00162849
9,338.845,1.91101,1.65292,2.10945,0.7239,0.50744,0.63847,0.32991,1.67162,2.51663,1.77467,0.00162299,0.00162299,0.00162299
10,374.331,1.7572,1.50624,1.8746,0.75753,0.69823,0.79089,0.46271,1.40641,1.46523,1.6412,0.00161749,0.00161749,0.00161749
11,409.782,1.69654,1.40952,1.87156,0.8178,0.71594,0.82289,0.48621,1.4878,1.5895,1.62399,0.00161199,0.00161199,0.00161199
12,446.98,1.63666,1.29123,1.76848,0.93258,0.73472,0.88138,0.57242,1.30168,1.14145,1.53398,0.00160649,0.00160649,0.00160649
13,483.438,1.53541,1.22863,1.76125,0.78567,0.77877,0.84926,0.54268,1.25744,1.09131,1.48446,0.00160099,0.00160099,0.00160099
14,521.217,1.47158,1.17758,1.74802,0.9142,0.78214,0.91242,0.59964,1.21958,0.95013,1.4531,0.00159549,0.00159549,0.00159549
15,557.208,1.38696,1.11138,1.64136,0.88723,0.53565,0.76844,0.50159,1.23051,2.80162,1.49099,0.00158998,0.00158998,0.00158998
16,592.84,1.43661,1.11091,1.69326,0.86756,0.83428,0.92159,0.64791,1.11366,0.91923,1.38156,0.00158448,0.00158448,0.00158448
17,628.06,1.38421,1.09208,1.60507,0.9024,0.65935,0.87908,0.60657,1.14274,1.60405,1.41423,0.00157898,0.00157898,0.00157898
18,663.161,1.2327,0.97427,1.51241,0.96095,0.88712,0.95591,0.66291,1.12922,0.81666,1.34966,0.00157348,0.00157348,0.00157348
19,698.925,1.33399,1.01694,1.60566,0.96266,0.90731,0.96221,0.66094,1.11658,0.80518,1.36271,0.00156798,0.00156798,0.00156798
20,733.809,1.16522,0.85958,1.48102,0.95083,0.87665,0.9561,0.66293,1.09458,0.77004,1.35803,0.00156248,0.00156248,0.00156248
21,768.278,1.21518,0.86574,1.46186,0.94736,0.92543,0.9695,0.6847,1.11926,0.81604,1.36268,0.00155698,0.00155698,0.00155698
22,803.377,1.24744,0.88321,1.5381,0.89796,0.87329,0.956,0.64265,1.14257,0.81043,1.35886,0.00155148,0.00155148,0.00155148
23,839.991,1.16836,0.85113,1.44795,0.96332,0.91752,0.97279,0.70856,1.0041,0.7693,1.30263,0.00154598,0.00154598,0.00154598
24,875.409,1.07653,0.8225,1.40083,0.98235,0.91856,0.97529,0.7145,0.96912,0.69759,1.30028,0.00154047,0.00154047,0.00154047
25,910.735,1.12164,0.79943,1.42675,0.95016,0.95191,0.97173,0.72364,0.96861,0.68767,1.28174,0.00153497,0.00153497,0.00153497
26,945.427,1.03757,0.75945,1.38693,0.96245,0.9523,0.97562,0.75368,0.87125,0.61345,1.24612,0.00152947,0.00152947,0.00152947
27,979.876,1.00815,0.73431,1.37451,0.93466,0.92168,0.97556,0.74432,0.89128,0.61075,1.23347,0.00152397,0.00152397,0.00152397
28,1014.74,0.9964,0.7149,1.33885,0.92819,0.95587,0.97031,0.76526,0.85497,0.61634,1.19567,0.00151847,0.00151847,0.00151847
29,1049.16,1.01738,0.73832,1.35826,0.83344,0.61472,0.73081,0.54564,1.01271,1.39211,1.3365,0.00151297,0.00151297,0.00151297
30,1083.6,0.9708,0.70313,1.33218,0.98009,0.91565,0.97499,0.73777,0.88634,0.63792,1.21669,0.00150747,0.00150747,0.00150747
31,1117.53,0.9488,0.68282,1.29609,0.99626,0.91261,0.97541,0.76994,0.81747,0.5786,1.17813,0.00150197,0.00150197,0.00150197
32,1152.03,0.90733,0.65577,1.30217,0.93857,0.96712,0.97469,0.76803,0.86128,0.57234,1.19837,0.00149647,0.00149647,0.00149647
33,1186.21,0.96915,0.67363,1.28949,0.94752,0.94965,0.97956,0.74089,0.93032,0.58014,1.21138,0.00149096,0.00149096,0.00149096
34,1220.95,0.89013,0.60691,1.247,0.97162,0.94239,0.97779,0.78473,0.78385,0.55955,1.1508,0.00148546,0.00148546,0.00148546
35,1288.19,0.85434,0.63499,1.25001,0.92162,0.97051,0.97284,0.77727,0.75212,0.53881,1.16511,0.00147996,0.00147996,0.00147996
36,1322.56,0.85735,0.6097,1.25317,0.97959,0.95422,0.98111,0.78342,0.78356,0.53895,1.14477,0.00147446,0.00147446,0.00147446
37,1356.49,0.8611,0.59201,1.22394,0.99157,0.95347,0.98487,0.77172,0.81418,0.52461,1.16753,0.00146896,0.00146896,0.00146896
38,1390.68,0.87417,0.59556,1.24546,0.98546,0.95522,0.9816,0.78184,0.80344,0.50943,1.15309,0.00146346,0.00146346,0.00146346
39,1424.63,0.83456,0.59328,1.2485,0.97373,0.96406,0.98406,0.80819,0.7324,0.4943,1.11381,0.00145796,0.00145796,0.00145796
40,1459.41,0.81506,0.57911,1.18705,0.93233,0.96063,0.97913,0.79044,0.75785,0.50571,1.12915,0.00145246,0.00145246,0.00145246
41,1493.91,0.8111,0.57476,1.17921,0.96229,0.96761,0.98378,0.80732,0.6977,0.47147,1.08442,0.00144696,0.00144696,0.00144696
42,1528.32,0.79736,0.5569,1.17892,0.97616,0.95646,0.97936,0.78591,0.76211,0.49184,1.12229,0.00144145,0.00144145,0.00144145
43,1562.4,0.78101,0.54727,1.18919,0.96256,0.96331,0.98273,0.79439,0.74096,0.47995,1.11705,0.00143595,0.00143595,0.00143595
44,1597.66,0.80587,0.55669,1.16909,0.98883,0.97083,0.98146,0.79542,0.71237,0.4939,1.09602,0.00143045,0.00143045,0.00143045
45,1639.82,0.76495,0.54533,1.16399,0.97251,0.95515,0.97893,0.79043,0.74159,0.50966,1.10558,0.00142495,0.00142495,0.00142495
46,1675.05,0.78334,0.55538,1.19546,0.97909,0.94813,0.98077,0.81558,0.70843,0.52911,1.09585,0.00141945,0.00141945,0.00141945
47,1709.77,0.71763,0.5193,1.12305,0.96973,0.97066,0.98638,0.82402,0.68823,0.46524,1.08421,0.00141395,0.00141395,0.00141395
48,1744.72,0.78458,0.54446,1.1455,0.98637,0.94396,0.97863,0.80083,0.71277,0.45573,1.08314,0.00140845,0.00140845,0.00140845
49,1779.42,0.73457,0.5226,1.13662,0.96768,0.975,0.98621,0.81493,0.71121,0.46908,1.10061,0.00140295,0.00140295,0.00140295
50,1814.59,0.75984,0.53663,1.14992,0.9695,0.95417,0.98142,0.80077,0.73562,0.49693,1.09559,0.00139745,0.00139745,0.00139745
51,1849.21,0.78869,0.54472,1.15312,0.97648,0.95198,0.98163,0.79205,0.75376,0.54063,1.10195,0.00139195,0.00139195,0.00139195
52,1883.67,0.80069,0.54539,1.18773,0.98734,0.95417,0.98477,0.78913,0.75855,0.47288,1.08738,0.00138644,0.00138644,0.00138644
53,1918.12,0.75695,0.5285,1.13209,0.95288,0.9814,0.98125,0.80133,0.70195,0.47062,1.07824,0.00138094,0.00138094,0.00138094
54,1952.99,0.74555,0.51537,1.13299,0.98523,0.94857,0.98434,0.80575,0.69897,0.4648,1.05611,0.00137544,0.00137544,0.00137544
55,1987.98,0.72066,0.4954,1.10004,0.9851,0.96977,0.98751,0.823,0.66436,0.43595,1.06302,0.00136994,0.00136994,0.00136994
56,2023.36,0.7245,0.49817,1.12577,0.96737,0.9648,0.98541,0.81371,0.68972,0.45219,1.06881,0.00136444,0.00136444,0.00136444
57,2058.19,0.70733,0.48141,1.10375,0.98803,0.97369,0.98675,0.82404,0.67314,0.42244,1.05297,0.00135894,0.00135894,0.00135894
58,2093.03,0.70735,0.47901,1.10803,0.97733,0.96273,0.98586,0.82454,0.65142,0.4311,1.05794,0.00135344,0.00135344,0.00135344
59,2128.4,0.71657,0.49362,1.11043,0.97951,0.96657,0.98475,0.81625,0.66179,0.44407,1.05314,0.00134794,0.00134794,0.00134794
60,2163.51,0.70076,0.48289,1.09531,0.96679,0.96667,0.98647,0.83024,0.6211,0.43008,1.02826,0.00134244,0.00134244,0.00134244
61,2198.6,0.7211,0.51737,1.11912,0.9861,0.95916,0.98164,0.82419,0.67875,0.44377,1.0643,0.00133693,0.00133693,0.00133693
62,2233.81,0.69914,0.47119,1.10175,0.98085,0.94702,0.98437,0.82201,0.6713,0.4427,1.05411,0.00133143,0.00133143,0.00133143
63,2268.07,0.72685,0.49489,1.12074,0.98232,0.9625,0.98637,0.81837,0.69713,0.43291,1.0576,0.00132593,0.00132593,0.00132593
64,2302.9,0.71572,0.48356,1.11511,0.99442,0.94958,0.98849,0.83446,0.64919,0.4181,1.05107,0.00132043,0.00132043,0.00132043
65,2337.82,0.69747,0.47831,1.08283,0.97952,0.95977,0.98792,0.84217,0.61667,0.4139,1.0144,0.00131493,0.00131493,0.00131493
66,2448.78,0.66798,0.46911,1.08612,0.96799,0.96889,0.98187,0.82618,0.64907,0.42411,1.03487,0.00130943,0.00130943,0.00130943
67,2525.47,0.64377,0.45371,1.06562,0.98771,0.96953,0.98663,0.83309,0.62991,0.40425,1.03304,0.00130393,0.00130393,0.00130393
68,2560.24,0.68821,0.46804,1.08682,0.99442,0.95662,0.98647,0.85022,0.62791,0.42264,1.02402,0.00129843,0.00129843,0.00129843
69,2594.84,0.70116,0.46255,1.08335,0.98177,0.96148,0.98727,0.83295,0.60886,0.41029,1.02185,0.00129293,0.00129293,0.00129293
70,2629.45,0.65189,0.46266,1.05635,0.98475,0.96474,0.98604,0.84176,0.61699,0.39941,1.0291,0.00128742,0.00128742,0.00128742
71,2664.06,0.65882,0.46915,1.08564,0.98117,0.96434,0.99056,0.8345,0.63865,0.39078,1.01788,0.00128192,0.00128192,0.00128192
72,2698.61,0.68203,0.4536,1.06125,0.9827,0.9536,0.98886,0.82998,0.68702,0.42385,1.05653,0.00127642,0.00127642,0.00127642
73,2732.91,0.70163,0.47065,1.11146,0.98524,0.95979,0.99209,0.8268,0.67194,0.40083,1.03342,0.00127092,0.00127092,0.00127092
74,2767.16,0.64941,0.44861,1.06872,0.98964,0.9625,0.99137,0.84725,0.60627,0.39815,1.01891,0.00126542,0.00126542,0.00126542
75,2801.66,0.65089,0.44764,1.06532,0.97116,0.975,0.99075,0.83044,0.63451,0.40382,1.0489,0.00125992,0.00125992,0.00125992
76,2836.1,0.6499,0.43528,1.05838,0.9943,0.96079,0.99272,0.8378,0.65165,0.41426,1.04933,0.00125442,0.00125442,0.00125442
77,2870.05,0.65264,0.43012,1.07245,0.96989,0.97365,0.99243,0.84375,0.63321,0.40115,1.02245,0.00124892,0.00124892,0.00124892
78,2904.39,0.67173,0.43674,1.08195,0.98736,0.96519,0.9892,0.83125,0.63777,0.39532,1.02282,0.00124342,0.00124342,0.00124342
79,2938.54,0.63219,0.42641,1.05169,0.97173,0.95993,0.98893,0.84226,0.62117,0.3939,1.0178,0.00123791,0.00123791,0.00123791
80,2973.05,0.65546,0.43368,1.0541,0.98414,0.94478,0.98892,0.84288,0.60681,0.38439,1.01154,0.00123241,0.00123241,0.00123241
81,3007.49,0.63828,0.42952,1.05737,0.99355,0.96086,0.99167,0.85311,0.59602,0.39401,1.00655,0.00122691,0.00122691,0.00122691
82,3042.13,0.64719,0.43461,1.05006,0.97659,0.97293,0.98507,0.84603,0.62974,0.39699,1.01547,0.00122141,0.00122141,0.00122141
83,3076.48,0.65448,0.44353,1.06769,0.99556,0.96726,0.98978,0.85858,0.58824,0.388,0.99338,0.00121591,0.00121591,0.00121591
84,3110.92,0.62677,0.4261,1.03018,0.99258,0.95551,0.98872,0.85755,0.61862,0.39689,1.00282,0.00121041,0.00121041,0.00121041
85,3145.07,0.64667,0.44338,1.06642,0.99306,0.96128,0.99262,0.85144,0.6198,0.38559,0.99955,0.00120491,0.00120491,0.00120491
86,3180.07,0.62417,0.40798,1.05164,0.97862,0.9725,0.99262,0.85821,0.60232,0.379,0.99842,0.00119941,0.00119941,0.00119941
87,3214.88,0.62597,0.42086,1.03723,0.97495,0.975,0.98978,0.84991,0.61394,0.39545,1.00548,0.00119391,0.00119391,0.00119391
88,3249.31,0.62757,0.41392,1.05313,0.99908,0.97261,0.98943,0.852,0.59496,0.37224,1.00674,0.0011884,0.0011884,0.0011884
89,3283.47,0.60244,0.4006,1.02999,0.99459,0.975,0.98903,0.84627,0.60414,0.37857,1.00665,0.0011829,0.0011829,0.0011829
90,3317.88,0.64527,0.42958,1.06422,0.98652,0.97083,0.98865,0.84677,0.60583,0.38285,1.01838,0.0011774,0.0011774,0.0011774
91,3352.18,0.60472,0.41591,1.03201,0.9838,0.98048,0.98897,0.84029,0.5908,0.36405,1.00383,0.0011719,0.0011719,0.0011719
92,3387.3,0.60183,0.41197,1.02709,0.97652,0.96069,0.99206,0.85044,0.59031,0.37997,1.01819,0.0011664,0.0011664,0.0011664
93,3422.4,0.62069,0.40758,1.02269,0.98166,0.96717,0.99099,0.84879,0.61665,0.39871,1.01656,0.0011609,0.0011609,0.0011609
94,3457.09,0.60942,0.42109,1.03348,0.97341,0.97106,0.99182,0.83927,0.61136,0.38665,1.00092,0.0011554,0.0011554,0.0011554
95,3491.49,0.60225,0.40408,0.99986,0.97368,0.94543,0.98979,0.85121,0.61271,0.39836,1.01033,0.0011499,0.0011499,0.0011499
96,3526.15,0.58883,0.39808,0.98922,0.97664,0.97917,0.99118,0.85614,0.61224,0.38614,0.99413,0.0011444,0.0011444,0.0011444
97,3562.74,0.60388,0.41534,1.01238,0.98814,0.97803,0.98906,0.86953,0.5708,0.36522,0.98986,0.00113889,0.00113889,0.00113889
98,3597.58,0.59359,0.39663,1.01913,0.95842,0.97817,0.98149,0.85127,0.59493,0.38736,1.01057,0.00113339,0.00113339,0.00113339
99,3632.96,0.59942,0.40993,1.03131,0.9834,0.97822,0.98784,0.8549,0.60898,0.3981,1.01515,0.00112789,0.00112789,0.00112789
100,3668.99,0.57101,0.39079,1.00156,0.98719,0.96006,0.98764,0.85085,0.61072,0.38778,1.0185,0.00112239,0.00112239,0.00112239
101,3704.05,0.58745,0.39681,1.01761,0.97036,0.97603,0.98753,0.85562,0.59182,0.37338,1.00504,0.00111689,0.00111689,0.00111689
102,3739.45,0.62856,0.4025,1.05271,0.97992,0.96038,0.98676,0.85726,0.60275,0.40946,1.02087,0.00111139,0.00111139,0.00111139
103,3774.52,0.62104,0.39494,1.01978,0.96896,0.97829,0.98866,0.86378,0.58364,0.36997,0.99731,0.00110589,0.00110589,0.00110589
104,3809.69,0.59304,0.39051,1.01697,0.98859,0.96267,0.98865,0.86499,0.5902,0.36624,0.99387,0.00110039,0.00110039,0.00110039
105,3844.56,0.59329,0.39181,0.99752,0.98868,0.96544,0.98812,0.86421,0.58306,0.35923,0.99599,0.00109489,0.00109489,0.00109489
106,3880.37,0.58697,0.40048,0.99981,0.99358,0.94362,0.99125,0.87209,0.57149,0.3616,0.9961,0.00108938,0.00108938,0.00108938
107,3915.46,0.57807,0.38242,1.01189,0.98686,0.97917,0.98685,0.85426,0.59614,0.37233,1.01536,0.00108388,0.00108388,0.00108388
108,3951.53,0.59607,0.39975,1.02516,0.98292,0.97999,0.98967,0.85777,0.56991,0.36001,0.99278,0.00107838,0.00107838,0.00107838
109,3986.58,0.56283,0.38187,1.00838,1,0.97512,0.98903,0.86106,0.55781,0.35636,0.97412,0.00107288,0.00107288,0.00107288
110,4023.82,0.54738,0.37163,1.00456,0.97836,0.97181,0.9879,0.87134,0.54918,0.36279,0.96971,0.00106738,0.00106738,0.00106738
111,4059.59,0.5857,0.38181,0.99289,0.97988,0.97818,0.98928,0.862,0.55642,0.35167,0.97918,0.00106188,0.00106188,0.00106188
112,4100.38,0.57676,0.38691,1.0143,0.98371,0.95455,0.98748,0.86191,0.57751,0.36678,1.00255,0.00105638,0.00105638,0.00105638
113,4134.8,0.5641,0.38093,0.98621,0.99492,0.96982,0.98711,0.87112,0.53458,0.35075,0.97206,0.00105088,0.00105088,0.00105088
114,4169.5,0.56598,0.37782,0.99774,0.9964,0.97083,0.98365,0.85154,0.56456,0.35713,0.98376,0.00104538,0.00104538,0.00104538
115,4204.97,0.57296,0.38082,1.01455,0.97776,0.97917,0.98764,0.85874,0.54456,0.36133,0.98011,0.00103987,0.00103987,0.00103987
116,4239.75,0.56254,0.37185,1.00405,0.97528,0.98067,0.98835,0.86025,0.56652,0.3549,0.98572,0.00103437,0.00103437,0.00103437
117,4274.1,0.58465,0.38345,1.01117,0.98199,0.975,0.9935,0.87052,0.5634,0.34585,0.98892,0.00102887,0.00102887,0.00102887
118,4308.5,0.56549,0.3751,1.00522,0.9791,0.98217,0.98971,0.8681,0.53995,0.33908,0.97037,0.00102337,0.00102337,0.00102337
119,4342.78,0.57361,0.36632,0.99776,0.9723,0.98333,0.98919,0.86746,0.55681,0.35887,0.97741,0.00101787,0.00101787,0.00101787
120,4377.77,0.55319,0.36397,0.99335,0.99417,0.97536,0.98875,0.86824,0.56733,0.34829,0.9707,0.00101237,0.00101237,0.00101237
121,4413.86,0.55107,0.36811,0.98533,0.96552,0.975,0.98901,0.85677,0.56321,0.34981,0.98002,0.00100687,0.00100687,0.00100687
122,4451.02,0.55681,0.36662,1.00097,0.98407,0.98061,0.98935,0.87259,0.53876,0.35141,0.96418,0.00100137,0.00100137,0.00100137
123,4486.22,0.55169,0.37095,0.98482,0.98924,0.975,0.98904,0.86999,0.53576,0.34945,0.98106,0.000995866,0.000995866,0.000995866
124,4522.46,0.54005,0.35565,0.99772,0.98219,0.97024,0.98887,0.87621,0.52322,0.33981,0.9696,0.000990365,0.000990365,0.000990365
125,4557.95,0.56005,0.37719,0.99904,0.97976,0.97662,0.98899,0.86546,0.53592,0.34064,0.96575,0.000984864,0.000984864,0.000984864
126,4593.91,0.56619,0.35599,0.99312,0.98333,0.97083,0.99202,0.87339,0.52982,0.33414,0.96833,0.000979362,0.000979362,0.000979362
127,4628.72,0.52695,0.34766,0.97829,0.97922,0.97502,0.9929,0.86123,0.54555,0.33933,0.97145,0.000973861,0.000973861,0.000973861
128,4664.58,0.54847,0.3586,0.99846,0.98591,0.98333,0.99257,0.85956,0.55416,0.33184,0.98195,0.00096836,0.00096836,0.00096836
129,4700.38,0.55941,0.36216,0.98559,0.98445,0.97328,0.98883,0.85826,0.55289,0.34781,0.97566,0.000962859,0.000962859,0.000962859
130,4735.34,0.54474,0.35793,0.97524,0.98363,0.97083,0.98873,0.86844,0.53139,0.35094,0.9671,0.000957358,0.000957358,0.000957358
131,4770.51,0.5443,0.35231,0.99743,0.98016,0.97632,0.9898,0.86057,0.54757,0.34947,0.9723,0.000951857,0.000951857,0.000951857
132,4806.75,0.54181,0.34746,0.96026,0.97304,0.97917,0.98945,0.871,0.52942,0.33534,0.9572,0.000946356,0.000946356,0.000946356
133,4842.79,0.56821,0.36198,0.9882,0.98454,0.96239,0.99064,0.86808,0.57179,0.34815,0.97262,0.000940855,0.000940855,0.000940855
134,4878.91,0.52302,0.34289,0.98082,0.98854,0.98333,0.99147,0.87387,0.53776,0.33566,0.97005,0.000935354,0.000935354,0.000935354
135,4915.81,0.52871,0.34538,0.97472,0.9935,0.97959,0.98915,0.87679,0.53357,0.3461,0.97696,0.000929853,0.000929853,0.000929853
136,4952.42,0.53287,0.3476,0.97279,0.97167,0.98333,0.98914,0.87176,0.52374,0.32065,0.97229,0.000924352,0.000924352,0.000924352
137,4988.14,0.54637,0.35206,0.97636,0.98431,0.96811,0.99262,0.86963,0.56747,0.34222,0.9726,0.00091885,0.00091885,0.00091885
138,5024.11,0.53185,0.34407,0.97332,0.98029,0.97732,0.99224,0.87088,0.54514,0.33145,0.96684,0.000913349,0.000913349,0.000913349
139,5062.96,0.54218,0.34501,0.96164,0.97987,0.97794,0.99214,0.87312,0.5405,0.32811,0.9708,0.000907848,0.000907848,0.000907848
140,5099.55,0.56143,0.35407,0.98838,0.98308,0.97181,0.98959,0.87452,0.52868,0.33003,0.96953,0.000902347,0.000902347,0.000902347
141,5136.01,0.5561,0.35113,0.97081,0.98305,0.975,0.98859,0.87372,0.56547,0.34447,0.97738,0.000896846,0.000896846,0.000896846
142,5172.98,0.5311,0.34789,0.96513,0.97584,0.975,0.99242,0.88126,0.52348,0.3187,0.96435,0.000891345,0.000891345,0.000891345
143,5209.05,0.52885,0.34814,0.98358,0.98722,0.97101,0.99348,0.87659,0.53232,0.32789,0.96811,0.000885844,0.000885844,0.000885844
144,5245.56,0.54171,0.3538,0.97909,0.97583,0.975,0.9911,0.86386,0.53619,0.33527,0.96416,0.000880343,0.000880343,0.000880343
145,5282.03,0.54423,0.34623,0.97081,0.97274,0.975,0.98849,0.86196,0.559,0.3359,0.97059,0.000874842,0.000874842,0.000874842
146,5318.66,0.51186,0.33752,0.95762,0.97727,0.97724,0.98866,0.87127,0.52914,0.32882,0.94838,0.00086934,0.00086934,0.00086934
147,5355.58,0.51306,0.33244,0.97093,0.96597,0.97863,0.98742,0.87856,0.49478,0.34051,0.94951,0.000863839,0.000863839,0.000863839
148,5390.8,0.51807,0.35076,0.97353,0.98446,0.98117,0.9842,0.86799,0.52085,0.32506,0.96553,0.000858338,0.000858338,0.000858338
149,5425.87,0.5209,0.34539,0.96274,0.98267,0.97917,0.98443,0.87334,0.53938,0.34443,0.96638,0.000852837,0.000852837,0.000852837
150,5460.77,0.52051,0.34153,0.95932,0.98362,0.96896,0.98928,0.87407,0.53387,0.34117,0.96267,0.000847336,0.000847336,0.000847336
151,5495.94,0.51551,0.33851,0.96284,0.98002,0.97917,0.99287,0.87322,0.52713,0.32521,0.96075,0.000841835,0.000841835,0.000841835
152,5531.16,0.51029,0.34642,0.97836,0.97592,0.97917,0.99251,0.88269,0.52273,0.32228,0.95777,0.000836334,0.000836334,0.000836334
153,5567.07,0.47842,0.32776,0.93903,0.97178,0.96886,0.99347,0.88995,0.51133,0.31923,0.95141,0.000830833,0.000830833,0.000830833
154,5602.66,0.50206,0.33469,0.94734,0.98468,0.97457,0.98922,0.88841,0.51806,0.33539,0.96589,0.000825332,0.000825332,0.000825332
155,5636.97,0.50939,0.34068,0.97078,0.98721,0.97561,0.98951,0.88356,0.51926,0.3187,0.95628,0.000819831,0.000819831,0.000819831
156,5671.63,0.49568,0.33008,0.94379,0.97661,0.97925,0.98912,0.88167,0.51507,0.34519,0.95685,0.000814329,0.000814329,0.000814329
157,5705.85,0.5024,0.33587,0.96032,0.97631,0.97083,0.98898,0.87366,0.5191,0.31579,0.9572,0.000808828,0.000808828,0.000808828
158,5740.49,0.49215,0.32683,0.96417,0.99138,0.96729,0.98842,0.89088,0.50428,0.3303,0.94953,0.000803327,0.000803327,0.000803327
159,5774.78,0.51626,0.33097,0.95816,0.99535,0.9735,0.98943,0.88507,0.52231,0.32448,0.97146,0.000797826,0.000797826,0.000797826
160,5809.23,0.48786,0.3229,0.9751,0.99473,0.9691,0.98878,0.88658,0.51453,0.31043,0.97059,0.000792325,0.000792325,0.000792325
161,5843.31,0.50625,0.32498,0.95744,0.98051,0.97026,0.98951,0.87597,0.51923,0.32832,0.95822,0.000786824,0.000786824,0.000786824
162,5877.6,0.52251,0.33058,0.98041,0.98114,0.98333,0.98964,0.8907,0.50767,0.32943,0.95114,0.000781323,0.000781323,0.000781323
163,5913.52,0.50138,0.32552,0.95957,0.984,0.98333,0.98863,0.8919,0.51268,0.32209,0.95707,0.000775822,0.000775822,0.000775822
164,5948.52,0.51205,0.33818,0.95288,0.9835,0.97917,0.98909,0.88283,0.50921,0.31974,0.95347,0.000770321,0.000770321,0.000770321
165,5983.25,0.51127,0.33285,0.95775,0.98622,0.98333,0.98492,0.86684,0.54833,0.32229,0.98252,0.00076482,0.00076482,0.00076482
166,6018.11,0.4911,0.31923,0.94992,0.97859,0.98333,0.98894,0.88237,0.5009,0.31194,0.94881,0.000759318,0.000759318,0.000759318
167,6052.61,0.47473,0.31396,0.93632,0.96257,0.98375,0.98949,0.89345,0.51913,0.32891,0.95134,0.000753817,0.000753817,0.000753817
168,6087.46,0.48931,0.31955,0.95572,0.98038,0.97263,0.98871,0.8825,0.50993,0.32813,0.96503,0.000748316,0.000748316,0.000748316
169,6121.8,0.46958,0.31113,0.93846,0.98352,0.97708,0.99136,0.88806,0.50452,0.31116,0.94853,0.000742815,0.000742815,0.000742815
170,6156.41,0.51241,0.32051,0.94647,0.9875,0.97933,0.98903,0.87802,0.51387,0.31309,0.9553,0.000737314,0.000737314,0.000737314
171,6190.76,0.4935,0.32364,0.93532,0.97297,0.97874,0.98852,0.87632,0.50991,0.32148,0.95992,0.000731813,0.000731813,0.000731813
172,6225.61,0.48209,0.31722,0.94682,0.98195,0.96214,0.98865,0.88756,0.48819,0.31792,0.93908,0.000726312,0.000726312,0.000726312
173,6259.86,0.4912,0.31495,0.93833,0.98253,0.9766,0.98818,0.88573,0.49618,0.32108,0.94578,0.000720811,0.000720811,0.000720811
174,6294.39,0.48039,0.30721,0.93108,0.97837,0.97917,0.98859,0.89073,0.49054,0.32032,0.94905,0.00071531,0.00071531,0.00071531
175,6330.59,0.4877,0.32673,0.95123,0.96423,0.98333,0.98844,0.88651,0.50265,0.3157,0.94839,0.000709809,0.000709809,0.000709809
176,6366.2,0.4676,0.31551,0.93465,0.96662,0.9759,0.99314,0.88762,0.5134,0.31944,0.9445,0.000704307,0.000704307,0.000704307
177,6402.38,0.47815,0.31592,0.94827,0.98126,0.97927,0.98912,0.88866,0.5101,0.3109,0.94754,0.000698806,0.000698806,0.000698806
178,6438.18,0.49293,0.31296,0.94248,0.98173,0.97962,0.98932,0.87648,0.50473,0.31331,0.95448,0.000693305,0.000693305,0.000693305
179,6473.9,0.47868,0.31318,0.9401,0.97369,0.97566,0.98941,0.88446,0.50496,0.32046,0.94112,0.000687804,0.000687804,0.000687804
180,6508.18,0.49459,0.32104,0.95747,0.97376,0.98354,0.98751,0.87372,0.5128,0.32476,0.9534,0.000682303,0.000682303,0.000682303
181,6542.68,0.49723,0.31603,0.95215,0.97917,0.975,0.98834,0.88709,0.50997,0.31867,0.95052,0.000676802,0.000676802,0.000676802
182,6577.9,0.48344,0.30958,0.95027,0.98313,0.97917,0.98465,0.86727,0.52284,0.32317,0.96668,0.000671301,0.000671301,0.000671301
183,6613.02,0.48393,0.31121,0.94312,0.9786,0.98333,0.98712,0.88443,0.49146,0.29421,0.94126,0.0006658,0.0006658,0.0006658
184,6648.81,0.46197,0.29966,0.94046,0.97359,0.97907,0.98883,0.88559,0.49538,0.31112,0.94377,0.000660299,0.000660299,0.000660299
185,6683.04,0.46086,0.29584,0.93064,0.97531,0.97936,0.9893,0.88202,0.51755,0.30769,0.95637,0.000654798,0.000654798,0.000654798
186,6718.38,0.46944,0.30407,0.92385,0.97787,0.97912,0.98911,0.86768,0.52777,0.30518,0.97191,0.000649297,0.000649297,0.000649297
187,6753.17,0.47727,0.3127,0.93995,0.97344,0.97917,0.98683,0.87348,0.51645,0.32265,0.9478,0.000643795,0.000643795,0.000643795
188,6788.85,0.4681,0.30292,0.94751,0.97493,0.97917,0.98831,0.88631,0.50072,0.31439,0.94421,0.000638294,0.000638294,0.000638294
189,6823.16,0.4735,0.30719,0.94005,0.97789,0.96726,0.98867,0.87833,0.51052,0.33049,0.94531,0.000632793,0.000632793,0.000632793
190,6857.44,0.46066,0.30604,0.92877,0.97547,0.97083,0.98762,0.88546,0.50721,0.3348,0.95227,0.000627292,0.000627292,0.000627292
191,6891.67,0.46869,0.3105,0.93894,0.98127,0.9729,0.98924,0.87928,0.50942,0.30373,0.95012,0.000621791,0.000621791,0.000621791
192,6926.08,0.45768,0.30615,0.92637,0.97006,0.97917,0.98726,0.88744,0.4988,0.30794,0.94483,0.00061629,0.00061629,0.00061629
193,6960.28,0.46612,0.3025,0.9328,0.97421,0.97917,0.9886,0.88811,0.49252,0.30879,0.94282,0.000610789,0.000610789,0.000610789
194,6994.76,0.45658,0.29832,0.94193,0.97217,0.98079,0.99312,0.8825,0.51031,0.30735,0.94874,0.000605288,0.000605288,0.000605288
195,7029.98,0.4748,0.30348,0.94295,0.98443,0.97305,0.98898,0.89522,0.50333,0.31441,0.93991,0.000599787,0.000599787,0.000599787
196,7064.94,0.46159,0.3001,0.93354,0.99063,0.97328,0.989,0.88057,0.49476,0.32165,0.94243,0.000594286,0.000594286,0.000594286
197,7099.63,0.46295,0.29688,0.94285,0.98985,0.97616,0.98863,0.88551,0.5003,0.32316,0.93913,0.000588784,0.000588784,0.000588784
198,7134.21,0.46352,0.29492,0.91086,0.97842,0.975,0.98938,0.88665,0.50506,0.31621,0.9423,0.000583283,0.000583283,0.000583283
199,7168.62,0.45711,0.2928,0.94115,0.97847,0.975,0.98861,0.88466,0.50494,0.31582,0.94895,0.000577782,0.000577782,0.000577782
200,7202.89,0.44014,0.28833,0.92091,0.97921,0.9731,0.9889,0.88415,0.49589,0.30902,0.939,0.000572281,0.000572281,0.000572281
201,7237.04,0.45561,0.29783,0.93743,0.97794,0.98274,0.98851,0.88904,0.50382,0.31535,0.95405,0.00056678,0.00056678,0.00056678
202,7272.42,0.45405,0.29598,0.92711,0.97116,0.98238,0.98917,0.89286,0.49609,0.30559,0.93855,0.000561279,0.000561279,0.000561279
203,7307.45,0.44352,0.29239,0.91906,0.97844,0.97917,0.98971,0.89311,0.5024,0.30156,0.93319,0.000555778,0.000555778,0.000555778
204,7343.34,0.44865,0.29551,0.91526,0.98692,0.98333,0.98979,0.90473,0.47745,0.30168,0.92738,0.000550277,0.000550277,0.000550277
205,7377.76,0.45252,0.30274,0.92992,0.98233,0.97083,0.98915,0.88187,0.49898,0.30503,0.93558,0.000544776,0.000544776,0.000544776
206,7412.26,0.46064,0.30512,0.92529,0.97254,0.98243,0.99235,0.88432,0.50748,0.30382,0.95071,0.000539275,0.000539275,0.000539275
207,7446.64,0.44981,0.29186,0.93514,0.97011,0.98333,0.98826,0.88419,0.51213,0.30421,0.95231,0.000533773,0.000533773,0.000533773
208,7484.64,0.44696,0.2978,0.9244,0.9706,0.98086,0.98797,0.88345,0.50929,0.30383,0.95331,0.000528272,0.000528272,0.000528272
209,7521.24,0.45155,0.29568,0.93177,0.96917,0.9875,0.98909,0.88457,0.50346,0.31211,0.94516,0.000522771,0.000522771,0.000522771
210,7557.35,0.43325,0.28897,0.92941,0.97539,0.97516,0.98908,0.87928,0.48887,0.3037,0.9307,0.00051727,0.00051727,0.00051727
211,7593.05,0.45298,0.29079,0.9234,0.97607,0.98387,0.98892,0.88583,0.49107,0.29143,0.9438,0.000511769,0.000511769,0.000511769
212,7630.33,0.45349,0.2899,0.92929,0.97791,0.98333,0.9896,0.8898,0.50022,0.30556,0.949,0.000506268,0.000506268,0.000506268
213,7667.3,0.43032,0.2816,0.91161,0.96376,0.9875,0.9886,0.88732,0.50191,0.31103,0.94921,0.000500767,0.000500767,0.000500767
214,7704.34,0.43372,0.28745,0.92937,0.97509,0.97499,0.9881,0.88768,0.49506,0.30658,0.94817,0.000495266,0.000495266,0.000495266
215,7740.57,0.42915,0.284,0.92622,0.97767,0.975,0.98827,0.8869,0.49058,0.30258,0.93668,0.000489765,0.000489765,0.000489765
216,7777.43,0.43968,0.28404,0.9343,0.97903,0.9775,0.98447,0.89398,0.48765,0.30575,0.9373,0.000484263,0.000484263,0.000484263
217,7815.57,0.45922,0.29153,0.92281,0.97733,0.97541,0.98919,0.89117,0.4928,0.30302,0.93849,0.000478762,0.000478762,0.000478762
218,7853.51,0.43234,0.28676,0.92307,0.97409,0.97983,0.98943,0.88943,0.48969,0.28971,0.93764,0.000473261,0.000473261,0.000473261
219,7891,0.41957,0.28475,0.90328,0.97997,0.98034,0.98953,0.88975,0.48943,0.29595,0.94161,0.00046776,0.00046776,0.00046776
220,7926.82,0.43161,0.28443,0.92161,0.97759,0.97728,0.98846,0.88784,0.49142,0.30057,0.93787,0.000462259,0.000462259,0.000462259
221,7964.71,0.43963,0.28553,0.92408,0.98297,0.975,0.98933,0.89205,0.48422,0.29967,0.93484,0.000456758,0.000456758,0.000456758
222,8000.22,0.42203,0.27461,0.91159,0.98499,0.97548,0.98951,0.8902,0.48482,0.30333,0.93837,0.000451257,0.000451257,0.000451257
223,8034.6,0.43364,0.28064,0.92162,0.9794,0.98333,0.98472,0.88588,0.48824,0.2997,0.9354,0.000445756,0.000445756,0.000445756
224,8069.05,0.40818,0.27115,0.90973,0.97716,0.98333,0.98372,0.88423,0.49461,0.29826,0.94362,0.000440255,0.000440255,0.000440255
225,8103.32,0.41547,0.27393,0.91561,0.97689,0.97917,0.98212,0.87947,0.49055,0.30502,0.94626,0.000434754,0.000434754,0.000434754
226,8137.72,0.41736,0.27565,0.90218,0.97145,0.98702,0.98816,0.89775,0.47567,0.29736,0.93257,0.000429253,0.000429253,0.000429253
227,8172.65,0.41296,0.27678,0.90326,0.97788,0.97917,0.98452,0.88824,0.48529,0.29447,0.93673,0.000423751,0.000423751,0.000423751
228,8213.49,0.43683,0.28287,0.91706,0.98103,0.97917,0.98885,0.89173,0.47351,0.29798,0.93512,0.00041825,0.00041825,0.00041825
229,8252.34,0.40915,0.27094,0.89116,0.97993,0.98189,0.98953,0.9031,0.47099,0.28816,0.92381,0.000412749,0.000412749,0.000412749
230,8288.4,0.42334,0.27844,0.90776,0.96886,0.98631,0.98955,0.88649,0.46918,0.28885,0.91945,0.000407248,0.000407248,0.000407248
231,8323.78,0.41441,0.27149,0.90234,0.9659,0.9875,0.98911,0.892,0.4907,0.29438,0.93199,0.000401747,0.000401747,0.000401747
232,8359.48,0.43366,0.2825,0.91938,0.97662,0.97917,0.98906,0.88408,0.48815,0.31345,0.93916,0.000396246,0.000396246,0.000396246
233,8393.81,0.42189,0.27197,0.90931,0.97943,0.97224,0.98487,0.89247,0.48917,0.31265,0.93044,0.000390745,0.000390745,0.000390745
234,8428.15,0.41892,0.27697,0.91756,0.98328,0.97409,0.98882,0.89237,0.471,0.29971,0.92388,0.000385244,0.000385244,0.000385244
235,8462.59,0.41667,0.26931,0.9032,0.98592,0.97917,0.98967,0.89816,0.46942,0.28481,0.92568,0.000379743,0.000379743,0.000379743
236,8498.2,0.41816,0.27659,0.92627,0.97314,0.975,0.98898,0.8941,0.47692,0.28483,0.92828,0.000374242,0.000374242,0.000374242
237,8533.83,0.42387,0.27316,0.91092,0.96727,0.9875,0.98467,0.89414,0.46638,0.28928,0.92413,0.00036874,0.00036874,0.00036874
238,8569.76,0.41571,0.2768,0.91431,0.96624,0.9875,0.98487,0.89302,0.4745,0.30702,0.92583,0.000363239,0.000363239,0.000363239
239,8605.51,0.40584,0.26588,0.9013,0.96196,0.98647,0.98487,0.88887,0.48851,0.31549,0.9266,0.000357738,0.000357738,0.000357738
240,8641.7,0.39471,0.26313,0.90036,0.97782,0.975,0.98843,0.89523,0.47395,0.29855,0.92381,0.000352237,0.000352237,0.000352237
241,8675.76,0.41256,0.27133,0.91353,0.97971,0.97365,0.98403,0.88758,0.49364,0.31247,0.93624,0.000346736,0.000346736,0.000346736
242,8710.52,0.42743,0.28047,0.91148,0.9784,0.97083,0.98419,0.89406,0.4832,0.31155,0.9304,0.000341235,0.000341235,0.000341235
243,8744.59,0.40611,0.26725,0.88856,0.97518,0.97618,0.98443,0.89229,0.48333,0.31453,0.92886,0.000335734,0.000335734,0.000335734
244,8778.99,0.39979,0.26259,0.89646,0.97806,0.97931,0.98467,0.89931,0.47659,0.29648,0.92597,0.000330233,0.000330233,0.000330233
245,8813.17,0.39555,0.26836,0.91153,0.97564,0.98302,0.98487,0.89344,0.4768,0.28353,0.92652,0.000324732,0.000324732,0.000324732
246,8848.57,0.40157,0.26063,0.89555,0.9846,0.97756,0.98492,0.88333,0.48445,0.28349,0.92974,0.000319231,0.000319231,0.000319231
247,8883.15,0.40702,0.26849,0.90768,0.97903,0.98351,0.98487,0.88756,0.48119,0.2787,0.92796,0.000313729,0.000313729,0.000313729
248,8917.47,0.4037,0.2672,0.92231,0.97643,0.98343,0.98476,0.89354,0.48085,0.28066,0.92619,0.000308228,0.000308228,0.000308228
249,8952.72,0.41248,0.26871,0.90098,0.97851,0.98333,0.98496,0.89252,0.47233,0.28189,0.91941,0.000302727,0.000302727,0.000302727
250,8988.54,0.41082,0.26384,0.90326,0.97058,0.98685,0.98407,0.89207,0.47979,0.29002,0.92033,0.000297226,0.000297226,0.000297226
251,9025.82,0.40747,0.26371,0.90074,0.97132,0.9875,0.98387,0.88721,0.48363,0.28531,0.93018,0.000291725,0.000291725,0.000291725
252,9061.88,0.40148,0.25706,0.89467,0.97054,0.98697,0.98427,0.89512,0.47474,0.2805,0.92359,0.000286224,0.000286224,0.000286224
253,9099.49,0.408,0.26314,0.9046,0.96853,0.9875,0.98407,0.88904,0.47671,0.27912,0.92163,0.000280723,0.000280723,0.000280723
254,9137.62,0.38873,0.25651,0.88382,0.98127,0.974,0.98387,0.89084,0.46462,0.28211,0.9177,0.000275222,0.000275222,0.000275222
